{
    "histogram_percentages": {
        "white": {
            "white": 0.24912815877655653,
            "gainsboro": 0.01524614616359469
        },
        "red": {
            "persian_red": 0.026728333737620978,
            "primary_red": 0.02610978380159594,
            "blood_orange": 0.04428621289746656,
            "university_red": 0.03525157662022844,
            "vivid_crimson": 0.018221426920031092,
            "deep_carmine_pink": 0.015217240612908193
        },
        "black": {
            "black": 0.08294636707936512,
            "raisin_black": 0.01391122696627022
        },
        "yellow": {
            "mikado_yellow": 0.015342965943540317,
            "sizzling_sunrise": 0.04607207331299299,
            "tangerine_yellow": 0.015756452654260115
        },
        "blue": {
            "dark_cornflower_blue": 0.011497320934095426,
            "cobalt_blue": 0.023617775085235618,
            "dark_powder_blue": 0.014200144324593813,
            "medium_persian_blue": 0.010630615585837173,
            "dark_midnight_blue": 0.03378843526054612,
            "true_blue": 0.01404372360702591,
            "rich_electric_blue": 0.01371862961522787,
            "dark_blue": 0.010735937595865946
        },
        "green": {
            "philippine_green": 0.027999253591557336,
            "pakistan_green": 0.018080854684393563
        }
    }
}