{
    "histogram_colors": {
        "white": 122532243,
        "persian_red": 12796542,
        "gainsboro": 6670111,
        "primary_red": 12816165,
        "slategray": 4965999,
        "silver": 5354103,
        "black": 40669738,
        "mikado_yellow": 7097447,
        "cobalt_blue": 11579624,
        "sizzling_sunrise": 22575959,
        "blood_orange": 21613234,
        "philippine_green": 13726370,
        "tangerine_yellow": 7599897,
        "true_blue": 6869411,
        "pakistan_green": 8812336,
        "medium_persian_blue": 5146644,
        "rich_electric_blue": 6737917,
        "raisin_black": 6270083,
        "dark_midnight_blue": 16395880,
        "dark_cornflower_blue": 5209985,
        "vivid_crimson": 8929030,
        "university_red": 17224154,
        "dark_blue": 5254552,
        "dark_powder_blue": 6828084,
        "deep_carmine_pink": 7405725
    },
    "histogram_percentages": {
        "white": 0.2563084892670604,
        "persian_red": 0.02676734113046872,
        "gainsboro": 0.013952295590097061,
        "primary_red": 0.026808387808157363,
        "slategray": 0.010387696089034563,
        "silver": 0.011199517920440221,
        "black": 0.08507147874267804,
        "mikado_yellow": 0.014846181492189204,
        "cobalt_blue": 0.02422183631879321,
        "sizzling_sunrise": 0.04722356992228646,
        "blood_orange": 0.045209776782715594,
        "philippine_green": 0.02871232152194178,
        "tangerine_yellow": 0.015897188127497713,
        "true_blue": 0.014369184081324022,
        "pakistan_green": 0.018433323929879664,
        "medium_persian_blue": 0.010765562729765593,
        "rich_electric_blue": 0.014094129714713898,
        "raisin_black": 0.013115531569181165,
        "dark_midnight_blue": 0.03429630544675503,
        "dark_cornflower_blue": 0.010898057129779676,
        "vivid_crimson": 0.01867742019478302,
        "university_red": 0.0360288588746653,
        "dark_blue": 0.010991280759425997,
        "dark_powder_blue": 0.014282737765835128,
        "deep_carmine_pink": 0.015491026200159422
    }
}